{
  "baseline": {
    "rss_mb": 22.1328125,
    "vms_mb": 13.4609375
  },
  "statistics": {
    "total_operations": 9,
    "avg_rss_change_mb": 0.026475694444444444,
    "max_rss_change_mb": 0.1171875,
    "min_rss_change_mb": -0.0859375,
    "avg_vms_change_mb": 0.034722222222222224,
    "max_vms_change_mb": 0.17578125,
    "min_vms_change_mb": -0.08984375,
    "avg_tracemalloc_change_mb": 0.0012688106960720485,
    "max_tracemalloc_change_mb": 0.0023479461669921875,
    "min_tracemalloc_change_mb": 0.0008955001831054688,
    "avg_duration_ms": 12.50089994735188,
    "max_duration_ms": 32.17610018327832,
    "min_duration_ms": 6.576499901711941
  },
  "measurements": [
    {
      "name": "edit_small.py",
      "duration_ms": 7.302300073206425,
      "rss_before_mb": 22.40625,
      "rss_after_mb": 22.48046875,
      "rss_diff_mb": 0.07421875,
      "vms_before_mb": 13.515625,
      "vms_after_mb": 13.578125,
      "vms_diff_mb": 0.0625,
      "tracemalloc_current_mb": 0.04629039764404297,
      "tracemalloc_peak_mb": 4.079122543334961,
      "tracemalloc_current_diff_mb": 0.0021429061889648438,
      "tracemalloc_peak_diff_mb": 0.0,
      "result": {
        "success": true,
        "error": null
      }
    },
    {
      "name": "edit_medium.py",
      "duration_ms": 6.576499901711941,
      "rss_before_mb": 22.48046875,
      "rss_after_mb": 22.55859375,
      "rss_diff_mb": 0.078125,
      "vms_before_mb": 13.578125,
      "vms_after_mb": 13.6484375,
      "vms_diff_mb": 0.0703125,
      "tracemalloc_current_mb": 0.0482635498046875,
      "tracemalloc_peak_mb": 4.079122543334961,
      "tracemalloc_current_diff_mb": 0.0010385513305664062,
      "tracemalloc_peak_diff_mb": 0.0,
      "result": {
        "success": true,
        "error": null
      }
    },
    {
      "name": "edit_large.py",
      "duration_ms": 7.350499741733074,
      "rss_before_mb": 22.55859375,
      "rss_after_mb": 22.55859375,
      "rss_diff_mb": 0.0,
      "vms_before_mb": 13.6484375,
      "vms_after_mb": 13.6484375,
      "vms_diff_mb": 0.0,
      "tracemalloc_current_mb": 0.05019092559814453,
      "tracemalloc_peak_mb": 4.079122543334961,
      "tracemalloc_current_diff_mb": 0.0009622573852539062,
      "tracemalloc_peak_diff_mb": 0.0,
      "result": {
        "success": true,
        "error": null
      }
    },
    {
      "name": "edit_very_large.py",
      "duration_ms": 13.887000270187855,
      "rss_before_mb": 22.55859375,
      "rss_after_mb": 22.47265625,
      "rss_diff_mb": -0.0859375,
      "vms_before_mb": 13.6484375,
      "vms_after_mb": 13.55859375,
      "vms_diff_mb": -0.08984375,
      "tracemalloc_current_mb": 0.05209159851074219,
      "tracemalloc_peak_mb": 6.947875022888184,
      "tracemalloc_current_diff_mb": 0.0009622573852539062,
      "tracemalloc_peak_diff_mb": 2.8687524795532227,
      "result": {
        "success": true,
        "error": null
      }
    },
    {
      "name": "rollback_small.py",
      "duration_ms": 9.457299951463938,
      "rss_before_mb": 22.47265625,
      "rss_after_mb": 22.484375,
      "rss_diff_mb": 0.01171875,
      "vms_before_mb": 13.55859375,
      "vms_after_mb": 13.57421875,
      "vms_diff_mb": 0.015625,
      "tracemalloc_current_mb": 0.054187774658203125,
      "tracemalloc_peak_mb": 6.947875022888184,
      "tracemalloc_current_diff_mb": 0.0010232925415039062,
      "tracemalloc_peak_diff_mb": 0.0,
      "result": {
        "success": true
      }
    },
    {
      "name": "rollback_medium.py",
      "duration_ms": 9.84519999474287,
      "rss_before_mb": 22.484375,
      "rss_after_mb": 22.6015625,
      "rss_diff_mb": 0.1171875,
      "vms_before_mb": 13.57421875,
      "vms_after_mb": 13.75,
      "vms_diff_mb": 0.17578125,
      "tracemalloc_current_mb": 0.05611705780029297,
      "tracemalloc_peak_mb": 6.947875022888184,
      "tracemalloc_current_diff_mb": 0.0008955001831054688,
      "tracemalloc_peak_diff_mb": 0.0,
      "result": {
        "success": true
      }
    },
    {
      "name": "rollback_large.py",
      "duration_ms": 10.635099839419127,
      "rss_before_mb": 22.6015625,
      "rss_after_mb": 22.625,
      "rss_diff_mb": 0.0234375,
      "vms_before_mb": 13.75,
      "vms_after_mb": 13.765625,
      "vms_diff_mb": 0.015625,
      "tracemalloc_current_mb": 0.05817413330078125,
      "tracemalloc_peak_mb": 6.947875022888184,
      "tracemalloc_current_diff_mb": 0.0010232925415039062,
      "tracemalloc_peak_diff_mb": 0.0,
      "result": {
        "success": true
      }
    },
    {
      "name": "rollback_very_large.py",
      "duration_ms": 15.278099570423365,
      "rss_before_mb": 22.625,
      "rss_after_mb": 22.55859375,
      "rss_diff_mb": -0.06640625,
      "vms_before_mb": 13.765625,
      "vms_after_mb": 13.69921875,
      "vms_diff_mb": -0.06640625,
      "tracemalloc_current_mb": 0.06023597717285156,
      "tracemalloc_peak_mb": 6.947875022888184,
      "tracemalloc_current_diff_mb": 0.0010232925415039062,
      "tracemalloc_peak_diff_mb": 0.0,
      "result": {
        "success": true
      }
    },
    {
      "name": "concurrent_edits",
      "duration_ms": 32.17610018327832,
      "rss_before_mb": 22.55859375,
      "rss_after_mb": 22.64453125,
      "rss_diff_mb": 0.0859375,
      "vms_before_mb": 13.69921875,
      "vms_after_mb": 13.828125,
      "vms_diff_mb": 0.12890625,
      "tracemalloc_current_mb": 0.06364822387695312,
      "tracemalloc_peak_mb": 6.959522247314453,
      "tracemalloc_current_diff_mb": 0.0023479461669921875,
      "tracemalloc_peak_diff_mb": 0.011647224426269531,
      "result": [
        {
          "name": "small",
          "success": true,
          "error": null
        },
        {
          "name": "medium",
          "success": true,
          "error": null
        },
        {
          "name": "large",
          "success": true,
          "error": null
        },
        {
          "name": "very_large",
          "success": true,
          "error": null
        }
      ]
    }
  ]
}